,DIM_1,DIM_2
Control,-17.01141287481511,52.635090839927386
BLA_1,50.33804347532303,3.9347766949139733
BLA_2,59.021960470025675,-6.0250918665080455
BLA_3,60.393038976065455,-13.745574781958663
GAN_1,-49.86567149456079,-6.488562351453793
GAN_2,-52.03562325399272,-15.492939739543852
GAN_3,-50.840335298045645,-14.81769879537703
